{
  "temp_12h": {
    "min": -1.1,
    "max": 39.2
  },
  "rh_12h": {
    "min": 8.0,
    "max": 100.0
  },
  "ws_12h": {
    "min": 0.0,
    "max": 51.5
  },
  "pr_dia": {
    "min": 0.0,
    "max": 70.1
  },
  "FFMC": {
    "min": 58.8392,
    "max": 101.0
  },
  "ISI": {
    "min": 0.4881,
    "max": 82.8335
  },
  "DMC": {
    "min": 2.1843,
    "max": 14.4337
  },
  "DC": {
    "min": 0.244,
    "max": 25.706
  },
  "BUI": {
    "min": 1.4933,
    "max": 14.271
  },
  "FWI": {
    "min": 0.2333,
    "max": 31.7677
  },
  "DSR": {
    "min": 0.002069,
    "max": 12.390387
  }
}